title,price,description,main_image,images,features
استپر موتور ایساکو کد 0617 مناسب برای 405 و سمند,349000,,"https://dkstatics-public.digikala.com/digikala-products/63de19a412ff3e9ff6cf53284e3587b4b838860a_1701123534.jpg?x-oss-process=image/resize,m_lfit,h_800,w_800/format,webp/quality,q_90","['https://dkstatics-public.digikala.com/digikala-products/111623317.jpg?x-oss-process=image/resize,m_lfit,h_800,w_800/format,webp/quality,q_90', 'https://dkstatics-public.digikala.com/digikala-products/111623318.jpg?x-oss-process=image/resize,m_lfit,h_800,w_800/format,webp/quality,q_90', 'https://dkstatics-public.digikala.com/digikala-products/39eacda7b36d1196bbc1f9188f019a6310a35f55_1701123534.jpg?x-oss-process=image/resize,m_lfit,h_800,w_800/format,webp/quality,q_90', 'https://dkstatics-public.digikala.com/digikala-products/63de19a412ff3e9ff6cf53284e3587b4b838860a_1701123534.jpg?x-oss-process=image/resize,m_lfit,h_800,w_800/format,webp/quality,q_90']","{'مناسب برای خودرو': 'پژو 405 سمند', 'تعداد در بسته\u200cبندی': '1'}"
استپر موتور بورگ جرمنی مدل 2003 مناسب برای پژو 405,800000,,"https://dkstatics-public.digikala.com/digikala-products/3812510.jpg?x-oss-process=image/resize,m_lfit,h_800,w_800/format,webp/quality,q_90","['https://dkstatics-public.digikala.com/digikala-products/3812514.jpg?x-oss-process=image/resize,m_lfit,h_800,w_800/format,webp/quality,q_90', 'https://dkstatics-public.digikala.com/digikala-products/3812515.jpg?x-oss-process=image/resize,m_lfit,h_800,w_800/format,webp/quality,q_90', 'https://dkstatics-public.digikala.com/digikala-products/3812516.jpg?x-oss-process=image/resize,m_lfit,h_800,w_800/format,webp/quality,q_90', 'https://dkstatics-public.digikala.com/digikala-products/3812518.jpg?x-oss-process=image/resize,m_lfit,h_800,w_800/format,webp/quality,q_90']","{'مناسب برای خودرو': 'پژو 405', 'نوع خودرو': 'سواری', 'تعداد در بسته\u200cبندی': '1', 'ویژگی\u200cهای استپر موتور و پتانسیومتر': 'دارای پیچ اتصال', 'کشور سازنده': 'آلمان'}"
استپر موتور دریچه گاز کروز پلاس مدل 601 مناسب خودرو پراید,680000,,"https://dkstatics-public.digikala.com/digikala-products/17cb44e45027a27e5175315f6d4eac74529093c7_1714041021.jpg?x-oss-process=image/resize,m_lfit,h_800,w_800/format,webp/quality,q_90","['https://dkstatics-public.digikala.com/digikala-products/ff89c86d7eb8a1db68d1cce9fc6e1e5386f76962_1714041049.jpg?x-oss-process=image/resize,m_lfit,h_800,w_800/format,webp/quality,q_90', 'https://dkstatics-public.digikala.com/digikala-products/17cb44e45027a27e5175315f6d4eac74529093c7_1714041021.jpg?x-oss-process=image/resize,m_lfit,h_800,w_800/format,webp/quality,q_90']","{'مناسب برای خودرو': 'پژو 206 پژو 207 رانا پراید رانا پلاس', 'نوع خودرو': 'سواری', 'تعداد در بسته\u200cبندی': '1', 'ویژگی\u200cهای استپر موتور و پتانسیومتر': 'دارای پیچ اتصال دارای واشر آب\u200cبندی'}"
استپر موتور عظام کد 1002 مناسب برای پراید,920790,استپرموتور پیکان و پراید یکی از قطعات جانبی موتور خودرو در زمینه تولید گشتاور می باشد که وظیفه کنترل و تنظیم دور موتور را بر عهده دارد. در این قطعه با اطلاعاتی که از ECU خودرو دریافت میکند و دور موتور خودرو را طبق اطلاعات دریافت شده تنظیم میکند.,"https://dkstatics-public.digikala.com/digikala-products/2a954f7697af4c9be4b0eeaaeb458f945b867d57_1632134476.jpg?x-oss-process=image/resize,m_lfit,h_800,w_800/format,webp/quality,q_90","['https://dkstatics-public.digikala.com/digikala-products/8bba0ebc942120fabeb552e3cf05c54dd77d9356_1631703679.jpg?x-oss-process=image/resize,m_lfit,h_800,w_800/format,webp/quality,q_90', 'https://dkstatics-public.digikala.com/digikala-products/0328004adabfbe1b6fbf1d097231e172c8ff71a1_1631703680.jpg?x-oss-process=image/resize,m_lfit,h_800,w_800/format,webp/quality,q_90']","{'شماره فنی': '3101002', 'مناسب برای خودرو': 'وانت پیکان پیکان پراید سایپا پراید 111 سایپا پراید 131 سایپا پراید 132 سایپا پراید 141 سایپا پراید 151 (وانت) پراید X100 پراید صبا پراید نسیم', 'نوع خودرو': 'سواری', 'تعداد در بسته\u200cبندی': '1', 'ویژگی\u200cهای استپر موتور و پتانسیومتر': 'دارای واشر آب\u200cبندی'}"
استپر موتور زیمنس مدل DENAA01 مناسب برای پژو 405,376160,,"https://dkstatics-public.digikala.com/digikala-products/056353081d459920f6dc3ef2b294cd84556ecfa3_1673173985.jpg?x-oss-process=image/resize,m_lfit,h_800,w_800/format,webp/quality,q_90","['https://dkstatics-public.digikala.com/digikala-products/719084906151837712bb778b63274ffc77245f6a_1673173984.jpg?x-oss-process=image/resize,m_lfit,h_800,w_800/format,webp/quality,q_90', 'https://dkstatics-public.digikala.com/digikala-products/056353081d459920f6dc3ef2b294cd84556ecfa3_1673173985.jpg?x-oss-process=image/resize,m_lfit,h_800,w_800/format,webp/quality,q_90']","{'شناسه کالا': '2800001742965', 'مناسب برای خودرو': 'پژو 405 پژو پارس سمند سمند LX', 'نوع خودرو': 'سواری', 'تعداد در بسته\u200cبندی': '1', 'ویژگی\u200cهای استپر موتور و پتانسیومتر': 'دارای واشر آب\u200cبندی'}"
استپر موتور کروز + کد CR39079601 مناسب برای پژو 405,650000,شرکت کروز به عنوان بزرگترین شرکت تولید کننده قطعات خودرو در کشور و تامین کننده اصلی خطوط تولید شرکت های ایران خودرو و سایپا (OEM)، به منظور خدمات رسانی بیشتر و رفع نیاز های مشتریان و مصرف کنندگان محترمی که به هر دلیل نیازمند قطعات تولیدی این شرکت میباشند اقدام به عرضه تولیدات خود به بازار را نموده است.آنچه که در تفکر مدیران ارشد این مجموعه در طول 35 سال فعالیت تولیدی افتخار آمیز در عرصه خودرو قرار داشته و دارد، کسب رضایتمندی هر چه بیشتر مشتریان عزیز از طریق ارایه محصولات با بهترین کیفیت و قیمت مناسب میباشد. استپر موتور کروز مناسب برای موتورهای TU5 و EF7 و خودروهای پژو 405، پژو پارس، پژو 206، سمند و سمند سورن که دارای موتورهای مذکور می باشد، است.,"https://dkstatics-public.digikala.com/digikala-products/663e542031f7a8f708ab928182ec3e6f65571d34_1624954952.jpg?x-oss-process=image/resize,m_lfit,h_800,w_800/format,webp/quality,q_90","['https://dkstatics-public.digikala.com/digikala-products/188d171aac7693bbccca56fc4fedb5a2b1df6be1_1624954949.jpg?x-oss-process=image/resize,m_lfit,h_800,w_800/format,webp/quality,q_90', 'https://dkstatics-public.digikala.com/digikala-products/7fa1fc874c8fc49c2eeeb2e26d06593f197d78f0_1624954950.jpg?x-oss-process=image/resize,m_lfit,h_800,w_800/format,webp/quality,q_90', 'https://dkstatics-public.digikala.com/digikala-products/a83d499d0e8a41893cc734297a0f0afba678284f_1624954951.jpg?x-oss-process=image/resize,m_lfit,h_800,w_800/format,webp/quality,q_90', 'https://dkstatics-public.digikala.com/digikala-products/c2df6fba0deb55efbf443097496d83c45f456c14_1624954953.jpg?x-oss-process=image/resize,m_lfit,h_800,w_800/format,webp/quality,q_90', 'https://dkstatics-public.digikala.com/digikala-products/e09cad8337ae06a2c89d0de7e7088449e76fc18c_1624954954.jpg?x-oss-process=image/resize,m_lfit,h_800,w_800/format,webp/quality,q_90', 'https://dkstatics-public.digikala.com/digikala-products/15da6aa84d6f5411210bf94549577f8dbc09dbcb_1624954955.jpg?x-oss-process=image/resize,m_lfit,h_800,w_800/format,webp/quality,q_90']","{'شماره فنی': 'CR 39073601', 'مناسب برای خودرو': 'پژو 206 سمند پژو 405', 'تعداد در بسته\u200cبندی': '1', 'ویژگی\u200cهای استپر موتور و پتانسیومتر': 'دارای پیچ اتصال', 'کشور سازنده': 'ایران'}"
استپر موتور زیمنس مدل 001862 مناسب برای پراید و تیبا,676590,,"https://dkstatics-public.digikala.com/digikala-products/d6a51a875b66f337adedf1d3fc20aee57a7a556c_1754828051.jpg?x-oss-process=image/resize,m_lfit,h_800,w_800/format,webp/quality,q_90","['https://dkstatics-public.digikala.com/digikala-products/9a7afd73be68b8810ce8fd7056117ef0cd02bda5_1754828075.jpg?x-oss-process=image/resize,m_lfit,h_800,w_800/format,webp/quality,q_90', 'https://dkstatics-public.digikala.com/digikala-products/55efc173b7baa0afaf49e39576d3060ab2627459_1754828092.jpg?x-oss-process=image/resize,m_lfit,h_800,w_800/format,webp/quality,q_90', 'https://dkstatics-public.digikala.com/digikala-products/269317c58431fb6e2e314005b658fc084fe71ca3_1754828122.jpg?x-oss-process=image/resize,m_lfit,h_800,w_800/format,webp/quality,q_90', 'https://dkstatics-public.digikala.com/digikala-products/c97d0aba3cd35aaa2287279006545c9ba04f8c25_1754828156.jpg?x-oss-process=image/resize,m_lfit,h_800,w_800/format,webp/quality,q_90', 'https://dkstatics-public.digikala.com/digikala-products/8876233571e04f8bd2c6f4971347e80ecac564e3_1754828173.jpg?x-oss-process=image/resize,m_lfit,h_800,w_800/format,webp/quality,q_90', 'https://dkstatics-public.digikala.com/digikala-products/9fee77f4953f275b6fd4d2335c92e5e0979a205e_1754828176.jpg?x-oss-process=image/resize,m_lfit,h_800,w_800/format,webp/quality,q_90', 'https://dkstatics-public.digikala.com/digikala-products/5ebdad92621afe3216712a7a50472e0ea9e90e90_1754828224.jpg?x-oss-process=image/resize,m_lfit,h_800,w_800/format,webp/quality,q_90']","{'مناسب برای خودرو': 'پراید سایپا پراید 111 سایپا پراید 131 سایپا پراید 132 سایپا پراید 141 سایپا پراید 151 (وانت) پراید صبا پراید X100 پراید نسیم پراید وانت کوییک ساینا تیبا تیبا 2', 'نوع خودرو': 'سواری', 'تعداد در بسته\u200cبندی': '۱ عدد', 'ویژگی\u200cهای استپر موتور و پتانسیومتر': 'دارای واشر آب\u200cبندی', 'سایر توضیحات': 'مناسب برای انواع مدل خودروهای پراید ، تیبا ، ساینا ، کوییک با دریچه گاز سیمی و موتور انژکتور از سال ساخت ۱۳۸۴ به بالا. نکات نصب : ابتدا قبل از نصب قطعه محیط دریچه گاز داخل محل نصب استپر را با اسپری انژکتور شور تمیز کنید و سپس محل شستشو را خشک نموده و با استپر قبلی خودرو یک تک استارت بزنید تا باقی مانده محلول اسپری انژکتور از محیط دریچه گاز خارج شود ، سپس استپر جدید را بدون لمس کردن قطعه فلزی سر استپر نصب کنید ، پیچ های اتصال را ببندید و سوکت محصول را نصب نمایید و در آخر ، سوییچ خودرو را باز کنید تا برق پشت آمپر وصل شود و خودرو را استارت نزنید ، در حالتی که برق خودرو وصل است 15 ثانیه صبر کنید و سپس سوییچ را ببندید و 15 ثانیه دیگر صبر\u200cکنید ، این کار را 4 یا 5 بار انجام دهید و سپس خودرو را استارت بزنید تا ایسیو خودرو با استپر\u200cموتور همگام سازی شود ، ممکن پس از این مرحله باز هم ایسیو با قطعه همگام سازی نشود که اگر این مشکل وجود داشت به دیاگ کار با تجربه جهت پاک کردن خطا مراجعه کنید .'}"
استپر موتور ایرکا مدل 00947 مناسب برای پراید,1861020,,"https://dkstatics-public.digikala.com/digikala-products/7c23fd98a430b230c4f2b29a216aa4375b9628ef_1735766516.jpg?x-oss-process=image/resize,m_lfit,h_800,w_800/format,webp/quality,q_90","['https://dkstatics-public.digikala.com/digikala-products/4cb822b11901b9b7e155a5a080beeaf60471b474_1735764762.jpg?x-oss-process=image/resize,m_lfit,h_800,w_800/format,webp/quality,q_90', 'https://dkstatics-public.digikala.com/digikala-products/6cc23533d12757ac3fe5184044c290368ffec222_1735764763.jpg?x-oss-process=image/resize,m_lfit,h_800,w_800/format,webp/quality,q_90', 'https://dkstatics-public.digikala.com/digikala-products/24da15f79f073f6a2912dab7a215209c23586177_1735764763.jpg?x-oss-process=image/resize,m_lfit,h_800,w_800/format,webp/quality,q_90', 'https://dkstatics-public.digikala.com/digikala-products/9b11873adedbe334e4999c9561e4db73c811af49_1735764763.jpg?x-oss-process=image/resize,m_lfit,h_800,w_800/format,webp/quality,q_90', 'https://dkstatics-public.digikala.com/digikala-products/c09f7431c1d3b531cbe5d4c598c97ce19f398052_1735764763.jpg?x-oss-process=image/resize,m_lfit,h_800,w_800/format,webp/quality,q_90', 'https://dkstatics-public.digikala.com/digikala-products/1a1bf86b6deb12ac4123fba7706ead659c177e6d_1735764763.jpg?x-oss-process=image/resize,m_lfit,h_800,w_800/format,webp/quality,q_90']","{'مناسب برای خودرو': 'پراید سایپا پراید 111 سایپا پراید 131 سایپا پراید 132 سایپا پراید 141 سایپا پراید 151 (وانت) پراید X100 پراید صبا پراید نسیم', 'نوع خودرو': 'سواری', 'تعداد در بسته\u200cبندی': '1 عدد', 'ویژگی\u200cهای استپر موتور و پتانسیومتر': 'دارای واشر آب\u200cبندی', 'کشور سازنده': 'ایران'}"
استپر موتور زیمنس مدل FTP86مناسب برای پراید,338970,,"https://dkstatics-public.digikala.com/digikala-products/069dd04ed6e92884e840e2f13f150533ca6c40a8_1729545476.jpg?x-oss-process=image/resize,m_lfit,h_800,w_800/format,webp/quality,q_90","['https://dkstatics-public.digikala.com/digikala-products/3ea78a13149d13ee398826f8cd1317b5866a03b5_1729545533.jpg?x-oss-process=image/resize,m_lfit,h_800,w_800/format,webp/quality,q_90']","{'مناسب برای خودرو': 'پیکان پراید صبا پراید نسیم پراید X100', 'نوع خودرو': 'سواری', 'تعداد در بسته\u200cبندی': '1', 'ویژگی\u200cهای استپر موتور و پتانسیومتر': 'دارای واشر آب\u200cبندی'}"
استپر موتور دریچه گاز کروز پلاس مدل 601 مناسب برای TU5,660000,,"https://dkstatics-public.digikala.com/digikala-products/17cb44e45027a27e5175315f6d4eac74529093c7_1714039845.jpg?x-oss-process=image/resize,m_lfit,h_800,w_800/format,webp/quality,q_90","['https://dkstatics-public.digikala.com/digikala-products/ff89c86d7eb8a1db68d1cce9fc6e1e5386f76962_1714065276.jpg?x-oss-process=image/resize,m_lfit,h_800,w_800/format,webp/quality,q_90']","{'مناسب برای خودرو': 'پژو 207 سمند پراید', 'نوع خودرو': 'سواری', 'تعداد در بسته\u200cبندی': '1', 'ویژگی\u200cهای استپر موتور و پتانسیومتر': 'دارای پیچ اتصال دارای واشر آب\u200cبندی'}"
استپر موتور ایران کاربراتور مدل R658,1412500,,"https://dkstatics-public.digikala.com/digikala-products/ae4c55dc426f3eb9c16f03d45e5885a1fc2540e5_1701035517.jpg?x-oss-process=image/resize,m_lfit,h_800,w_800/format,webp/quality,q_90","['https://dkstatics-public.digikala.com/digikala-products/5fa4aaa23527e9a3927a39018e964467999a6da5_1701035517.jpg?x-oss-process=image/resize,m_lfit,h_800,w_800/format,webp/quality,q_90', 'https://dkstatics-public.digikala.com/digikala-products/110358630.jpg?x-oss-process=image/resize,m_lfit,h_800,w_800/format,webp/quality,q_90', 'https://dkstatics-public.digikala.com/digikala-products/bb63505057062437d803e8ecd323aea2a523147f_1701035517.jpg?x-oss-process=image/resize,m_lfit,h_800,w_800/format,webp/quality,q_90', 'https://dkstatics-public.digikala.com/digikala-products/ae4c55dc426f3eb9c16f03d45e5885a1fc2540e5_1701035517.jpg?x-oss-process=image/resize,m_lfit,h_800,w_800/format,webp/quality,q_90']","{'مناسب برای خودرو': 'پژو 405 سمند سیتروئن زانتیا', 'تعداد در بسته\u200cبندی': '1', 'ویژگی\u200cهای استپر موتور و پتانسیومتر': 'دارای واشر آب\u200cبندی', 'کشور سازنده': 'ایران'}"
استپر موتور  ایساکو کد 1010400699 مناسب برای پژو 405,349000,,"https://dkstatics-public.digikala.com/digikala-products/92dacfbf281dfa9e6ed571de2b34948a289f00c0_1693048901.jpg?x-oss-process=image/resize,m_lfit,h_800,w_800/format,webp/quality,q_90","['https://dkstatics-public.digikala.com/digikala-products/c28c5ebbc353e5f9b80af99c5d191c46a3a2d04f_1693048898.jpg?x-oss-process=image/resize,m_lfit,h_800,w_800/format,webp/quality,q_90', 'https://dkstatics-public.digikala.com/digikala-products/10a916865e8b14ca71dc9430c7dc5d09d38aba87_1693048900.jpg?x-oss-process=image/resize,m_lfit,h_800,w_800/format,webp/quality,q_90', 'https://dkstatics-public.digikala.com/digikala-products/44b5d259c0197e9be46e87bdeb4cdf704b42896d_1693048903.jpg?x-oss-process=image/resize,m_lfit,h_800,w_800/format,webp/quality,q_90', 'https://dkstatics-public.digikala.com/digikala-products/92dacfbf281dfa9e6ed571de2b34948a289f00c0_1693048901.jpg?x-oss-process=image/resize,m_lfit,h_800,w_800/format,webp/quality,q_90']","{'مناسب برای خودرو': 'پژو 405', 'نوع خودرو': 'سواری', 'تعداد در بسته\u200cبندی': '1', 'ویژگی\u200cهای استپر موتور و پتانسیومتر': 'دارای پیچ اتصال'}"
استپر موتور کد ME299,97860,,"https://dkstatics-public.digikala.com/digikala-products/c91754777dc821e5ecbe084c470fc2eabea9fe3b_1615783463.jpg?x-oss-process=image/resize,m_lfit,h_800,w_800/format,webp/quality,q_90","['https://dkstatics-public.digikala.com/digikala-products/bed981f6b44aa90951a86633cde9e3ed832fae21_1615783415.jpg?x-oss-process=image/resize,m_lfit,h_800,w_800/format,webp/quality,q_90', 'https://dkstatics-public.digikala.com/digikala-products/e99f6515b896d2b226e4df655afbc159e30d2e7a_1615783412.jpg?x-oss-process=image/resize,m_lfit,h_800,w_800/format,webp/quality,q_90', 'https://dkstatics-public.digikala.com/digikala-products/075059ab81251ce31a2152428b57c075d08f1fa5_1615783414.jpg?x-oss-process=image/resize,m_lfit,h_800,w_800/format,webp/quality,q_90', 'https://dkstatics-public.digikala.com/digikala-products/c91754777dc821e5ecbe084c470fc2eabea9fe3b_1615783413.jpg?x-oss-process=image/resize,m_lfit,h_800,w_800/format,webp/quality,q_90', 'https://dkstatics-public.digikala.com/digikala-products/bf3bc72a5c777068f16ef0c720e19ed52802de36_1615783411.jpg?x-oss-process=image/resize,m_lfit,h_800,w_800/format,webp/quality,q_90']","{'مناسب برای خودرو': 'پژو 405 سمند رانا کیا ریو پراید تیبا تیبا 2 نیسان زامیاد دنا پلاس', 'تعداد در بسته\u200cبندی': '1', 'کشور سازنده': 'ایران'}"
استپر موتور خودرو کروز پلاس مدل TU5,800000,خریداران گرامی دقت بفرمایید از آنجاییکه نمونه تقلبی این کالا در بازار با قیمت بسیار کمتر موجود هست، کالای ارسالی حتما باید هر دو لیبل شرکت کروز پلاس ( هولوگرام هفت رنگ کروز پلاس و برچسب اطلاع رسانی اصالت کالای قابل استعلام پیامکی کروز پلاس ) واشر آب بندی سبز رنگ و دو پیچ اتصال را دارا باشد، همچنین پلاستیک وکیوم داخل جعبه باید نوشته کروز پلاس را به فارسی و انگلیسی داشته باشد، در غیر این صورت کالای ارسالی حتما تقلبی و با کیفیت پایین هست. این استپر مناسب برای تمامی خودروها با موتور TU5 ( پژو پارس، پژو 405 SLX، پژو 206، رانا) می‌باشد.,"https://dkstatics-public.digikala.com/digikala-products/81399d9ca3825fe10fca529bea257a37b4094678_1754043164.jpg?x-oss-process=image/resize,m_lfit,h_800,w_800/format,webp/quality,q_90","['https://dkstatics-public.digikala.com/digikala-products/662aa1ecb5af8e05d8d744d3a5767d2946b699f9_1754043165.jpg?x-oss-process=image/resize,m_lfit,h_800,w_800/format,webp/quality,q_90', 'https://dkstatics-public.digikala.com/digikala-products/684a2f649d51e752089a3be03012bf8467d7550a_1754043233.jpg?x-oss-process=image/resize,m_lfit,h_800,w_800/format,webp/quality,q_90', 'https://dkstatics-public.digikala.com/digikala-products/d1de8e5c2189b97586260428b51410e343c1bf7e_1754043168.jpg?x-oss-process=image/resize,m_lfit,h_800,w_800/format,webp/quality,q_90', 'https://dkstatics-public.digikala.com/digikala-products/82deae0f5927f78258f6a1fc0a985de57b64601a_1754043174.jpg?x-oss-process=image/resize,m_lfit,h_800,w_800/format,webp/quality,q_90']","{'شماره فنی': 'CR39079601', 'مناسب برای خودرو': 'پژو 206 پژو پارس پژو 405 رانا', 'نوع خودرو': 'سواری', 'تعداد در بسته\u200cبندی': '1', 'ویژگی\u200cهای استپر موتور و پتانسیومتر': 'دارای پیچ اتصال دارای واشر آب\u200cبندی'}"
استپر موتور مدل Nh132,64110,,"https://dkstatics-public.digikala.com/digikala-products/5ea9263d0a95cedfc344e844541d5df40b4c7a50_1620801142.jpg?x-oss-process=image/resize,m_lfit,h_800,w_800/format,webp/quality,q_90","['https://dkstatics-public.digikala.com/digikala-products/bd1f0d645c65eb18f7de297a2181c772e5febaff_1620764379.jpg?x-oss-process=image/resize,m_lfit,h_800,w_800/format,webp/quality,q_90', 'https://dkstatics-public.digikala.com/digikala-products/d8ce3faa1540246fa61e95587368e845a06aead8_1620764366.jpg?x-oss-process=image/resize,m_lfit,h_800,w_800/format,webp/quality,q_90', 'https://dkstatics-public.digikala.com/digikala-products/5ea9263d0a95cedfc344e844541d5df40b4c7a50_1620801142.jpg?x-oss-process=image/resize,m_lfit,h_800,w_800/format,webp/quality,q_90']","{'شماره فنی': 'Nh 1', 'مناسب برای خودرو': 'تیبا 2 نیسان زامیاد سیتروئن زانتیا رنو L90 تیبا پراید کیا ریو رانا سمند پژو 405', 'تعداد در بسته\u200cبندی': '1', 'کشور سازنده': 'ایران', 'سایر توضیحات': 'قابل نصب بر روی تمامی خودروهای که دارای استپر است عدم نیاز به تمیز کاری و سرویس های دوره ای نصب و تنظیم بسیار آسان'}"
استپر موتور دینا پارت کد 02 مناسب برای خودرو پراید,713500,,"https://dkstatics-public.digikala.com/digikala-products/5183854.jpg?x-oss-process=image/resize,m_lfit,h_800,w_800/format,webp/quality,q_90","['https://dkstatics-public.digikala.com/digikala-products/5183967.jpg?x-oss-process=image/resize,m_lfit,h_800,w_800/format,webp/quality,q_90', 'https://dkstatics-public.digikala.com/digikala-products/5201771.jpg?x-oss-process=image/resize,m_lfit,h_800,w_800/format,webp/quality,q_90', 'https://dkstatics-public.digikala.com/digikala-products/5183854.jpg?x-oss-process=image/resize,m_lfit,h_800,w_800/format,webp/quality,q_90']","{'مناسب برای خودرو': 'پراید', 'تعداد در بسته\u200cبندی': '1', 'کشور سازنده': 'ایران'}"
استپر موتور ایرکا کد D00 مناسب برای پراید,1899000,گروه شرکت های ایرکا بعنوان یکی از بزرگترین تولید کنندگان و توزیع کنندگان انواع دریچه هوا ، واتر پمپ ،سنسور ، کاربراتور و همچنین اویل پمپ خودرو در ایران استاندارد ISO 10002، ISO 9001، ISO/TS 16949:2009 ، ISO 10004 و...، الزامات سیستم تضمین کیفیت ساپکو ، مگا موتور و الزامات سیستم مدیریت کیفیت شرکت رنو پارس را بعنوان الگویی برای تضمین کیفیت برگزیده است تا ضمن تامین رضایت مشتریان ،بقا و رشد مستمر شرکت را نیز تضمین نماید.,"https://dkstatics-public.digikala.com/digikala-products/2e9ae7efc15ecc6b009ec89b94ee44f2cc7a49fe_1653291266.jpg?x-oss-process=image/resize,m_lfit,h_800,w_800/format,webp/quality,q_90","['https://dkstatics-public.digikala.com/digikala-products/7fda77d0564f499d7af46ad7de9f49a09ba31047_1653291261.jpg?x-oss-process=image/resize,m_lfit,h_800,w_800/format,webp/quality,q_90', 'https://dkstatics-public.digikala.com/digikala-products/64991ffb2e7db81ad4c8bbc04ad88ac7068beadf_1653291267.jpg?x-oss-process=image/resize,m_lfit,h_800,w_800/format,webp/quality,q_90']","{'مناسب برای خودرو': 'پراید', 'نوع خودرو': 'سواری', 'تعداد در بسته\u200cبندی': '1', 'ویژگی\u200cهای استپر موتور و پتانسیومتر': 'دارای پیچ اتصال دارای واشر آب\u200cبندی', 'سایر توضیحات': 'شیرموتوری ایرکا مناسب پراید'}"
استپر موتور ایران کاربراتور کد 00603 مناسب برای پراید,680540,,"https://dkstatics-public.digikala.com/digikala-products/b23b972e17e7fb06daba5c566000633be16a2a08_1624112423.jpg?x-oss-process=image/resize,m_lfit,h_800,w_800/format,webp/quality,q_90","['https://dkstatics-public.digikala.com/digikala-products/1f9016a0065d591cfd9b42815a3b84d7371a4b58_1624116441.jpg?x-oss-process=image/resize,m_lfit,h_800,w_800/format,webp/quality,q_90']","{'شماره فنی': '00603', 'مناسب برای خودرو': 'تیبا 2 پراید رانا', 'تعداد در بسته\u200cبندی': '1', 'ویژگی\u200cهای استپر موتور و پتانسیومتر': 'دارای پیچ اتصال', 'کشور سازنده': 'ایران'}"
استپر موتور الدورا کد 87012200 مناسب برای پژو 405,510000,استپر موتور قطعه ای است که بر روی دریچه گاز (انژکتور) موتور انژکتوری قرار دارد که وظیفه اصلی این قطعه، روشن نگه داشتن خودرو در حالت دور آرام است. این قطعه وظیفه بسیار مهمتری نیز دارد. هنگامی که کولر را روشن میکنیم، کمپرسور کولر بار خود را روی موتور وارد میکند. برای جبران آن، استپر موتور ژیگلور مربوطه راکمی به عقب تر می کشد، تا خود به خود گاز کمی زیاد شود. استپر موتور کار ساسات را نیز انجام میدهد. در هنگامی که خودرو سرد است سوزن آن طوری تنظیم میشود که خودرو با اولین استارت روشن شود. کار دیگر استپر موتور، تنظیم هوای مورد مصرف سیلندرها در زمان رهاکردن گاز است. استپر موتورهای الدورا از سیم پیچی دقیقی طبق استاندارد کارخانه سازنده دارد و ارتباط سوکت و بوبین از ورق های فلزی است که این قطعه را در مقابل دود و چربی مقاوم تر ساخته است. استپر موتور الدورا مناسب برای پژو 405 (1800سی سی) می تواند تجربه خرید خوبی را برای مشتریان بسازد.,"https://dkstatics-public.digikala.com/digikala-products/862b1d3ce2173e195b35ab7f2d08ee52357d72a5_1623747562.jpg?x-oss-process=image/resize,m_lfit,h_800,w_800/format,webp/quality,q_90","['https://dkstatics-public.digikala.com/digikala-products/31d64253ac66bcf8f79ad88681e0841dd73a5e4a_1623747563.jpg?x-oss-process=image/resize,m_lfit,h_800,w_800/format,webp/quality,q_90', 'https://dkstatics-public.digikala.com/digikala-products/e9820eaa3f2be8811eaca3304eb7cb960bb072fc_1623747564.jpg?x-oss-process=image/resize,m_lfit,h_800,w_800/format,webp/quality,q_90', 'https://dkstatics-public.digikala.com/digikala-products/db674b4b0ffcb99195976bfea4779e832207bb8a_1623747564.jpg?x-oss-process=image/resize,m_lfit,h_800,w_800/format,webp/quality,q_90', 'https://dkstatics-public.digikala.com/digikala-products/2e0da4e341f5e38d7cc2618aaaebdd4adb87da81_1623747565.jpg?x-oss-process=image/resize,m_lfit,h_800,w_800/format,webp/quality,q_90', 'https://dkstatics-public.digikala.com/digikala-products/96c97082bf40114cbe6aa40e9f32f01ae98977e6_1623747566.jpg?x-oss-process=image/resize,m_lfit,h_800,w_800/format,webp/quality,q_90']","{'مناسب برای خودرو': 'پژو 405', 'تعداد در بسته\u200cبندی': '1', 'ویژگی\u200cهای استپر موتور و پتانسیومتر': 'دارای پیچ اتصال', 'سایر توضیحات': 'مناسب برای پژو 405 (1800 سی سی) می باشد'}"
استپر موتور بوش کد 7701047909 مناسب برای پراید,412350,استپ موتور پراید یک قطعه مهم در سیستم انتقال نیروی خودرو پراید میباشد. که وظیفه اتصال و قطع انتقال نیرو بین موتور و گیربکس را دارد. هنگامی که راننده ترمز میکند یا خودرو در وضعیت توقف قرار میگیرد استپ موتور فعال میشود. و جلو گیری از انتقال نیرو به گیربکس را به موتور انجام میدهد . این عمل باعث جلوگیری از خاموش شدن موتوذ و افت کیفیت سیستم انتقال نیرو میشود,"https://dkstatics-public.digikala.com/digikala-products/7b54f7506140485c9542ec502c23bc7189ae0fa0_1726298798.jpg?x-oss-process=image/resize,m_lfit,h_800,w_800/format,webp/quality,q_90","['https://dkstatics-public.digikala.com/digikala-products/c6b85d8e278743184a78474d57d45d8fda4ba43a_1726301018.jpg?x-oss-process=image/resize,m_lfit,h_800,w_800/format,webp/quality,q_90', 'https://dkstatics-public.digikala.com/digikala-products/7b54f7506140485c9542ec502c23bc7189ae0fa0_1726298798.jpg?x-oss-process=image/resize,m_lfit,h_800,w_800/format,webp/quality,q_90']","{'مناسب برای خودرو': 'پراید', 'نوع خودرو': 'سواری', 'تعداد در بسته\u200cبندی': '1', 'ویژگی\u200cهای استپر موتور و پتانسیومتر': 'دارای پیچ اتصال'}"
استپر موتور زیمنس مدل KA132131111 مناسب برای پراید,651120,استپر یکی از قطعات مهم در خودرو محسوب میشود. در طی سال های گذشته قطعات بی کیفتی وارد بازار ایران شدند، یکی از این قطعات استپر موتور میباشد که به شکل قطعات اصلی ولی بسیار بی کیف و پر از مشکل وارد بازار شدند. در خرید این قطعه باید بسیار توجه کرد چون اکثرا داری ضمانت نمی باشند و بار ها باید هزینه کنید تا به یک استپر سالم برسید که موتور خودرو به درستی کار کند.,"https://dkstatics-public.digikala.com/digikala-products/8787980678cd69c823cb906ef3a64583c06aacc0_1692105675.jpg?x-oss-process=image/resize,m_lfit,h_800,w_800/format,webp/quality,q_90","['https://dkstatics-public.digikala.com/digikala-products/5cbc533852f373486d38dd062a2bef5c85bd91e5_1692105687.jpg?x-oss-process=image/resize,m_lfit,h_800,w_800/format,webp/quality,q_90', 'https://dkstatics-public.digikala.com/digikala-products/cb7d03a9acc725c1969622990195b7fd2969457e_1692105766.jpg?x-oss-process=image/resize,m_lfit,h_800,w_800/format,webp/quality,q_90', 'https://dkstatics-public.digikala.com/digikala-products/8787980678cd69c823cb906ef3a64583c06aacc0_1692105675.jpg?x-oss-process=image/resize,m_lfit,h_800,w_800/format,webp/quality,q_90']","{'شناسه کالا': '2800003088955', 'شماره فنی': 'simens-412142', 'مناسب برای خودرو': 'پراید سایپا پراید 111 سایپا پراید 131 سایپا پراید 132 سایپا پراید 141 سایپا پراید 151 (وانت) تیبا تیبا 2 ساینا کوییک پراید X100 پراید صبا پراید نسیم', 'نوع خودرو': 'سواری', 'تعداد در بسته\u200cبندی': '1'}"
استپر موتور ایران کاربراتور مدل R154 مناسب برای پراید,726340,,"https://dkstatics-public.digikala.com/digikala-products/8c8285a9887ccc8df0a46a0209315226318d0a1c_1701035865.jpg?x-oss-process=image/resize,m_lfit,h_800,w_800/format,webp/quality,q_90","['https://dkstatics-public.digikala.com/digikala-products/110283408.jpg?x-oss-process=image/resize,m_lfit,h_800,w_800/format,webp/quality,q_90', 'https://dkstatics-public.digikala.com/digikala-products/01f01ba293903ee9e0b0a49adbe0059018d7311f_1701035865.jpg?x-oss-process=image/resize,m_lfit,h_800,w_800/format,webp/quality,q_90', 'https://dkstatics-public.digikala.com/digikala-products/8c8285a9887ccc8df0a46a0209315226318d0a1c_1701035865.jpg?x-oss-process=image/resize,m_lfit,h_800,w_800/format,webp/quality,q_90']","{'مناسب برای خودرو': 'پراید', 'تعداد در بسته\u200cبندی': '1', 'ویژگی\u200cهای استپر موتور و پتانسیومتر': 'دارای واشر آب\u200cبندی', 'کشور سازنده': 'ایران'}"
استپر موتور کروز پلاس کد CR 39075301 مناسب برای سمند EF7,780000,شرکت کروز به عنوان بزرگترین شرکت تولید کننده قطعات خودرو در کشور و تامین کننده اصلی خطوط تولید شرکت های ایران خودرو و سایپا (OEM)، به منظور خدمات رسانی بیشتر و رفع نیاز های مشتریان و مصرف کنندگان محترمی که به هر دلیل نیازمند قطعات تولیدی این شرکت میباشند اقدام به عرضه تولیدات خود به بازار را نموده است.آنچه که در تفکر مدیران ارشد این مجموعه در طول 35 سال فعالیت تولیدی افتخار آمیز در عرصه خودرو قرار داشته و دارد، کسب رضایتمندی هر چه بیشتر مشتریان عزیز از طریق ارایه محصولات با بهترین کیفیت و قیمت مناسب میباشد. استپر موتور کروز مناسب برای موتور EF7 و خودروهای 206 تیپ 5 و سمند سورن رانا که دارای موتورهای مذکور می باشد، است.,"https://dkstatics-public.digikala.com/digikala-products/2997cf86337d2742c73e4ab6ad6399404a512f8e_1689038155.jpg?x-oss-process=image/resize,m_lfit,h_800,w_800/format,webp/quality,q_90","['https://dkstatics-public.digikala.com/digikala-products/d689f39cbfc4f8782d1b4af6d49b98f3fb67686c_1689038155.jpg?x-oss-process=image/resize,m_lfit,h_800,w_800/format,webp/quality,q_90', 'https://dkstatics-public.digikala.com/digikala-products/3e27f7377f55003bf5c100d18e5f8ab5a78cde37_1689038173.jpg?x-oss-process=image/resize,m_lfit,h_800,w_800/format,webp/quality,q_90', 'https://dkstatics-public.digikala.com/digikala-products/2997cf86337d2742c73e4ab6ad6399404a512f8e_1689038155.jpg?x-oss-process=image/resize,m_lfit,h_800,w_800/format,webp/quality,q_90']","{'مناسب برای خودرو': 'پژو 206 سمند سمند سورن رانا رانا پلاس سمند سورن پلاس', 'نوع خودرو': 'سواری', 'تعداد در بسته\u200cبندی': '1', 'ویژگی\u200cهای استپر موتور و پتانسیومتر': 'دارای پیچ اتصال دارای واشر آب\u200cبندی', 'کشور سازنده': 'ایران'}"
استپر موتور الدورا کد 87052200 مناسب برای پراید,430000,استپر موتور قطعه ای است که بر روی دریچه گاز (انژکتور) موتور انژکتوری قرار دارد که وظیفه اصلی این قطعه، روشن نگه داشتن خودرو در حالت دور آرام است. این قطعه وظیفه بسیار مهمتری نیز دارد. هنگامی که کولر را روشن میکنیم، کمپرسور کولر بار خود را روی موتور وارد میکند. برای جبران آن، استپر موتور ژیگلور مربوطه راکمی به عقب تر می کشد، تا خود به خود گاز کمی زیاد شود. استپر موتور کار ساسات را نیز انجام میدهد. در هنگامی که خودرو سرد است سوزن آن طوری تنظیم میشود که خودرو با اولین استارت روشن شود. کار دیگر استپر موتور، تنظیم هوای مورد مصرف سیلندرها در زمان رهاکردن گاز است. استپر موتورهای الدورا از سیم پیچی دقیقی طبق استاندارد کارخانه سازنده دارد و ارتباط سوکت و بوبین از ورق های فلزی است که این قطعه را در مقابل دود و چربی مقاوم تر ساخته است. استپر موتور الدورا مناسب برای انواع پراید می تواند تجربه خرید خوبی را برای مشتریان بسازد.,"https://dkstatics-public.digikala.com/digikala-products/4449a26a5070bd2101799c1450e92411b57425d3_1623737971.jpg?x-oss-process=image/resize,m_lfit,h_800,w_800/format,webp/quality,q_90","['https://dkstatics-public.digikala.com/digikala-products/83011d112e279e68b8a49afdb461ddbf0ff8a036_1623737971.jpg?x-oss-process=image/resize,m_lfit,h_800,w_800/format,webp/quality,q_90', 'https://dkstatics-public.digikala.com/digikala-products/8a890ead4a8b64c55343703ffe60f8cb374f1170_1623737972.jpg?x-oss-process=image/resize,m_lfit,h_800,w_800/format,webp/quality,q_90', 'https://dkstatics-public.digikala.com/digikala-products/7636cef1bd4f0634e39934bf928b1da0646c18a4_1623737972.jpg?x-oss-process=image/resize,m_lfit,h_800,w_800/format,webp/quality,q_90', 'https://dkstatics-public.digikala.com/digikala-products/96c97082bf40114cbe6aa40e9f32f01ae98977e6_1623737973.jpg?x-oss-process=image/resize,m_lfit,h_800,w_800/format,webp/quality,q_90']","{'مناسب برای خودرو': 'پراید', 'تعداد در بسته\u200cبندی': '1', 'ویژگی\u200cهای استپر موتور و پتانسیومتر': 'دارای پیچ اتصال', 'سایر توضیحات': 'مناسب برای انواع پراید'}"
استپر موتور الدورا کد 87092201 مناسب برای رنو L90,600000,استپر موتور قطعه ای است که بر روی دریچه گاز (انژکتور) موتور انژکتوری قرار دارد که وظیفه اصلی این قطعه، روشن نگه داشتن خودرو در حالت دور آرام است. این قطعه وظیفه بسیار مهمتری نیز دارد. هنگامی که کولر را روشن میکنیم، کمپرسور کولر بار خود را روی موتور وارد میکند. برای جبران آن، استپر موتور ژیگلور مربوطه راکمی به عقب تر می کشد، تا خود به خود گاز کمی زیاد شود. استپر موتور کار ساسات را نیز انجام میدهد. در هنگامی که خودرو سرد است سوزن آن طوری تنظیم میشود که خودرو با اولین استارت روشن شود. کار دیگر استپر موتور، تنظیم هوای مورد مصرف سیلندرها در زمان رهاکردن گاز است. استپر موتورهای الدورا از سیم پیچی دقیقی طبق استاندارد کارخانه سازنده دارد و ارتباط سوکت و بوبین از ورق های فلزی است که این قطعه را در مقابل دود و چربی مقاوم تر ساخته است. استپر موتور الدورا مناسب برای رنو L90 (بهمراه پوسته) می تواند تجربه خرید خوبی را برای مشتریان بسازد.,"https://dkstatics-public.digikala.com/digikala-products/2ef9d1e177515e24e5f6c3f541c909cefc6b09f9_1624100801.jpg?x-oss-process=image/resize,m_lfit,h_800,w_800/format,webp/quality,q_90","['https://dkstatics-public.digikala.com/digikala-products/4c0ccb0c102c7cec6861a30bf9910cfd8127d9d1_1624100800.jpg?x-oss-process=image/resize,m_lfit,h_800,w_800/format,webp/quality,q_90', 'https://dkstatics-public.digikala.com/digikala-products/b5f4377c4aa4b5f3f014defdb2832c3b55baa3b5_1624100802.jpg?x-oss-process=image/resize,m_lfit,h_800,w_800/format,webp/quality,q_90', 'https://dkstatics-public.digikala.com/digikala-products/96c97082bf40114cbe6aa40e9f32f01ae98977e6_1624100803.jpg?x-oss-process=image/resize,m_lfit,h_800,w_800/format,webp/quality,q_90', 'https://dkstatics-public.digikala.com/digikala-products/2ef9d1e177515e24e5f6c3f541c909cefc6b09f9_1624100801.jpg?x-oss-process=image/resize,m_lfit,h_800,w_800/format,webp/quality,q_90']","{'مناسب برای خودرو': 'رنو L90', 'تعداد در بسته\u200cبندی': '1', 'ویژگی\u200cهای استپر موتور و پتانسیومتر': 'دارای پیچ اتصال', 'سایر توضیحات': 'استپر موتور رنو L90 بهمراه پوسته می باشد که مناسب برای خودرو رنو L90 است'}"
استپر موتور الدورا کد 87062200 مناسب برای نیسان وانت Z24,510000,استپر موتور قطعه ای است که بر روی دریچه گاز (انژکتور) موتور انژکتوری قرار دارد که وظیفه اصلی این قطعه، روشن نگه داشتن خودرو در حالت دور آرام است. این قطعه وظیفه بسیار مهمتری نیز دارد. هنگامی که کولر را روشن میکنیم، کمپرسور کولر بار خود را روی موتور وارد میکند. برای جبران آن، استپر موتور ژیگلور مربوطه راکمی به عقب تر می کشد، تا خود به خود گاز کمی زیاد شود. استپر موتور کار ساسات را نیز انجام میدهد. در هنگامی که خودرو سرد است سوزن آن طوری تنظیم میشود که خودرو با اولین استارت روشن شود. کار دیگر استوپر موتور، تنظیم هوای مورد مصرف سیلندرها در زمان رهاکردن گاز است. استپر موتورهای الدورا از سیم پیچی دقیقی طبق استاندارد کارخانه سازنده دارد و ارتباط سوکت و بوبین از ورق های فلزی است که این قطعه را در مقابل دود و چربی مقاوم تر ساخته است. استپر موتور الدورا مناسب برای وانت نیسان Z24 می تواند تجربه خرید خوبی را برای مشتریان بسازد.,"https://dkstatics-public.digikala.com/digikala-products/850d4411279aa2baebafa0cca0ba7afa8e68adfe_1623749302.jpg?x-oss-process=image/resize,m_lfit,h_800,w_800/format,webp/quality,q_90","['https://dkstatics-public.digikala.com/digikala-products/d44ed53bbf236f790845bf717d1ee15ed6641c7a_1623749303.jpg?x-oss-process=image/resize,m_lfit,h_800,w_800/format,webp/quality,q_90', 'https://dkstatics-public.digikala.com/digikala-products/19fce784773b14f8c9b5973847de3781ac7d4e68_1623749304.jpg?x-oss-process=image/resize,m_lfit,h_800,w_800/format,webp/quality,q_90', 'https://dkstatics-public.digikala.com/digikala-products/7e5ae93d41966b97957c9752945bd6e1c29bddac_1623749304.jpg?x-oss-process=image/resize,m_lfit,h_800,w_800/format,webp/quality,q_90', 'https://dkstatics-public.digikala.com/digikala-products/96c97082bf40114cbe6aa40e9f32f01ae98977e6_1623749305.jpg?x-oss-process=image/resize,m_lfit,h_800,w_800/format,webp/quality,q_90']","{'مناسب برای خودرو': 'نیسان زامیاد سمند', 'تعداد در بسته\u200cبندی': '1', 'ویژگی\u200cهای استپر موتور و پتانسیومتر': 'دارای پیچ اتصال', 'سایر توضیحات': 'مناسب برای نیسان وانت Z24 و سمند EF7 می باشد'}"
استپر موتور زیمنس مدل 1910mm مناسب برای پراید,639360,استپر که تعمیر کاران به آن استاپ موتور و استپ موتور هم می گویند برای کنترل دور آرام موتور خودرو مورد استفاده قرار می گیرد. مسیر هوای موتور دارای یک دریچه پروانه ای است که بوسیله یک کابل و فنر باز و بست می شود که با کابل باز می شود و با فنر بسته می شود. این دریچه پروانه ای با محور خود به مقاومتی متغییر و یک سوئیچ متصل است که بوسیله این مقاومت متغییر موقعیت دریچه هوا به ECU ارسال می گردد. وقتی که پدال گاز را رها می کنید این دریچه بسته می شود و سوئیچ هم عمل می کند و به ECU اطلاع می دهد که دریچه بسته است و هوای مورد نیاز باید از طریق مسیری موازی تامین می شود که این مسیر را استپر کنترل می کند. این همان مسیری است که هوای موتور خودرو را در دور در جا یا دور آرام تامین می کند.,"https://dkstatics-public.digikala.com/digikala-products/931740526f50e85efe358d6c15bd31ef6f421b98_1639898811.jpg?x-oss-process=image/resize,m_lfit,h_800,w_800/format,webp/quality,q_90","['https://dkstatics-public.digikala.com/digikala-products/e2616920ab33ec9ccacaab894ca66eff327fabaf_1639898853.jpg?x-oss-process=image/resize,m_lfit,h_800,w_800/format,webp/quality,q_90']","{'مناسب برای خودرو': 'پراید سایپا پراید 111 سایپا پراید 131 سایپا پراید 132 سایپا پراید 141 سایپا پراید 151 (وانت) پراید X100 پراید صبا پراید نسیم', 'نوع خودرو': 'سواری', 'تعداد در بسته\u200cبندی': '1', 'ویژگی\u200cهای استپر موتور و پتانسیومتر': 'دارای واشر آب\u200cبندی', 'کشور سازنده': 'چین'}"
استپر موتور بوش کد 7701047909 مناسب برای پراید,1062900,استپر موتور بوش با کد فنی 7701047909، یکی از قطعات حیاتی در سیستم کنترل دور موتور خودروهای انژکتوری است که نقش اصلی آن تنظیم دقیق میزان هوای ورودی به موتور در حالت درجا می‌باشد. این قطعه با طراحی دقیق و کیفیت ساخت بالا، کارکرد روان موتور و پاسخ‌دهی مناسب خودرو را تضمین می‌کند و از نوسان دور موتور جلوگیری می‌کند. کاربرد این استپر موتور برای خودروهای متنوعی از جمله پراید، پراید وانت، پیکان، پژو ۴۰۵ اس‌ال‌ایکس، پژو ۲۰۶، روا، آر دی، تیبا، ساینا، کوییک، سمند و جک J3 مناسب است. استفاده از این قطعه باعث بهبود احتراق، کاهش مصرف سوخت و جلوگیری از خاموش شدن ناگهانی موتور می‌شود و تجربه رانندگی راحت‌تری را فراهم می‌آورد. برند بوش به عنوان یکی از تولیدکنندگان معتبر قطعات خودرو، استپر موتورهایی با دوام و عملکرد دقیق ارائه می‌دهد. انتخاب این محصول به دلیل کیفیت بالا و تطابق کامل با استانداردهای فنی خودرو، اطمینان از عملکرد مستمر موتور در شرایط مختلف رانندگی را به همراه دارد. نصب استپر موتور باید توسط تکنسین مجرب انجام شود و پس از نصب، کالیبراسیون ECU ضروری است تا عملکرد صحیح موتور تضمین گردد. همچنین توصیه می‌شود از تماس استپر موتور با گرد و غبار و رطوبت جلوگیری شود تا عمر مفید قطعه افزایش یابد. علائم خرابی استپر موتور شامل نوسان دور موتور در حالت درجا، خاموش شدن ناگهانی موتور، افزایش مصرف سوخت و لرزش غیرعادی موتور است. مزیت این محصول در کیفیت ساخت بالا، دقت عملکرد و سازگاری کامل با خودروهای داخلی مختلف است که تجربه رانندگی ایمن و مطمئن را برای مالک خودرو فراهم می‌کند.,"https://dkstatics-public.digikala.com/digikala-products/0b8cea08b5676a47e2342bf2919991e86806f05b_1756622742.jpg?x-oss-process=image/resize,m_lfit,h_800,w_800/format,webp/quality,q_90","['https://dkstatics-public.digikala.com/digikala-products/3d090b90367c9074b30dad90bed5ea8997db93eb_1756622740.jpg?x-oss-process=image/resize,m_lfit,h_800,w_800/format,webp/quality,q_90', 'https://dkstatics-public.digikala.com/digikala-products/b4bdd0ea2f2d1e8bb47cbb04743148f76e16d392_1756622741.jpg?x-oss-process=image/resize,m_lfit,h_800,w_800/format,webp/quality,q_90', 'https://dkstatics-public.digikala.com/digikala-products/078b6d6e8275b8179ad7443169f3645f1c0e3c4b_1756622741.jpg?x-oss-process=image/resize,m_lfit,h_800,w_800/format,webp/quality,q_90', 'https://dkstatics-public.digikala.com/digikala-products/2ecfa866f4018574d758e0520f1e5a3de08b0a5c_1756622742.jpg?x-oss-process=image/resize,m_lfit,h_800,w_800/format,webp/quality,q_90', 'https://dkstatics-public.digikala.com/digikala-products/23dacc3cb4e2aebcbfa0d18d42126f665b74698f_1756622741.jpg?x-oss-process=image/resize,m_lfit,h_800,w_800/format,webp/quality,q_90', 'https://dkstatics-public.digikala.com/digikala-products/2ae76f74b3d85a021612ec6179507c861e62436f_1756622741.jpg?x-oss-process=image/resize,m_lfit,h_800,w_800/format,webp/quality,q_90', 'https://dkstatics-public.digikala.com/digikala-products/4871d28d2c9c97b276d4a16d2050b3793f213154_1756622742.jpg?x-oss-process=image/resize,m_lfit,h_800,w_800/format,webp/quality,q_90', 'https://dkstatics-public.digikala.com/digikala-products/5ed478da7004211ea8ad9b9a8c586d05b02add44_1756622742.jpg?x-oss-process=image/resize,m_lfit,h_800,w_800/format,webp/quality,q_90', 'https://dkstatics-public.digikala.com/digikala-products/63004ec04c9f03da7e73822649c4cef99ad8031e_1756622742.jpg?x-oss-process=image/resize,m_lfit,h_800,w_800/format,webp/quality,q_90']","{'مناسب برای خودرو': 'پراید وانت پیکان پیکان 405 slx پژو 206 روا آر دی تیبا ساینا کوییک سمند جک J3', 'نوع خودرو': 'سواری', 'تعداد در بسته\u200cبندی': '1', 'ویژگی\u200cهای استپر موتور و پتانسیومتر': 'دارای واشر آب\u200cبندی'}"
استپر موتور زیمنس مدل 001870 کد XU7 مناسب برای پژو 405 و پارس,607940,,"https://dkstatics-public.digikala.com/digikala-products/6bbf899e5633769a920ac9f5da3d2fde8737dce8_1754907581.jpg?x-oss-process=image/resize,m_lfit,h_800,w_800/format,webp/quality,q_90","['https://dkstatics-public.digikala.com/digikala-products/96856e73aab9b1a9dae0a0bf13b15f9de85289d2_1754907580.jpg?x-oss-process=image/resize,m_lfit,h_800,w_800/format,webp/quality,q_90', 'https://dkstatics-public.digikala.com/digikala-products/5095b0183cd4401a7dc489dbe0586ab9c5a7fe33_1754907581.jpg?x-oss-process=image/resize,m_lfit,h_800,w_800/format,webp/quality,q_90', 'https://dkstatics-public.digikala.com/digikala-products/5ebdad92621afe3216712a7a50472e0ea9e90e90_1754907581.jpg?x-oss-process=image/resize,m_lfit,h_800,w_800/format,webp/quality,q_90', 'https://dkstatics-public.digikala.com/digikala-products/5715a8a42dcdaf4bddc494a03dac0322ea36aa39_1754907582.jpg?x-oss-process=image/resize,m_lfit,h_800,w_800/format,webp/quality,q_90', 'https://dkstatics-public.digikala.com/digikala-products/2449c96b9e1a333895fb6a7047d333daa098de63_1754907582.jpg?x-oss-process=image/resize,m_lfit,h_800,w_800/format,webp/quality,q_90']","{'مناسب برای خودرو': 'پژو 405 پژو پارس سمند سمند LX سمند سورن', 'نوع خودرو': 'سواری', 'تعداد در بسته\u200cبندی': '۱ عدد', 'ویژگی\u200cهای استپر موتور و پتانسیومتر': 'دارای واشر آب\u200cبندی', 'سایر توضیحات': 'مناسب برای انواع مدل خودرو با موتور XU7 مانند پژو ۴۰۵ ، پژو پارس و سمند. نکات نصب : ابتدا قبل از نصب قطعه محیط دریچه گاز داخل محل نصب استپر را با اسپری انژکتور شور تمیز کنید و سپس محل شستشو را خشک نموده و با استپر قبلی خودرو یک تک استارت بزنید تا باقی مانده محلول اسپری انژکتور از محیط دریچه گاز خارج شود ، سپس استپر جدید را بدون لمس کردن قطعه فلزی سر استپر نصب کنید ، پیچ های اتصال را ببندید و سوکت محصول را نصب نمایید و در آخر ، سوییچ خودرو را باز کنید تا برق پشت آمپر وصل شود و خودرو را استارت نزنید ، در حالتی که برق خودرو وصل است 15 ثانیه صبر کنید و سپس سوییچ را ببندید و 15 ثانیه دیگر صبر\u200cکنید ، این کار را 4 یا 5 بار انجام دهید و سپس خودرو را استارت بزنید تا ایسیو خودرو با استپر\u200cموتور همگام سازی شود ، ممکن پس از این مرحله باز هم ایسیو با قطعه همگام سازی نشود که اگر این مشکل وجود داشت به دیاگ کار با تجربه جهت پاک کردن خطا مراجعه کنید .'}"
استپر موتور خودرو کروز پلاس مدل EF7,950000,خریداران گرامی دقت بفرمایید از آنجاییکه نمونه تقلبی این کالا در بازار با قیمت بسیار کمتر موجود هست، کالای ارسالی حتما باید هر دو لیبل شرکت کروز پلاس ( هولوگرام هفت رنگ کروز پلاس و برچسب اطلاع رسانی اصالت کالای قابل استعلام پیامکی کروز پلاس ) واشر آب بندی سبز رنگ و دو پیچ اتصال را دارا باشد، همچنین پلاستیک وکیوم داخل جعبه باید نوشته کروز پلاس را به فارسی و انگلیسی داشته باشد، در غیر این صورت کالای ارسالی حتما تقلبی و با کیفیت پایین هست.,"https://dkstatics-public.digikala.com/digikala-products/81399d9ca3825fe10fca529bea257a37b4094678_1754048688.jpg?x-oss-process=image/resize,m_lfit,h_800,w_800/format,webp/quality,q_90","['https://dkstatics-public.digikala.com/digikala-products/662aa1ecb5af8e05d8d744d3a5767d2946b699f9_1754048688.jpg?x-oss-process=image/resize,m_lfit,h_800,w_800/format,webp/quality,q_90', 'https://dkstatics-public.digikala.com/digikala-products/684a2f649d51e752089a3be03012bf8467d7550a_1754048688.jpg?x-oss-process=image/resize,m_lfit,h_800,w_800/format,webp/quality,q_90', 'https://dkstatics-public.digikala.com/digikala-products/d1de8e5c2189b97586260428b51410e343c1bf7e_1754048691.jpg?x-oss-process=image/resize,m_lfit,h_800,w_800/format,webp/quality,q_90', 'https://dkstatics-public.digikala.com/digikala-products/82deae0f5927f78258f6a1fc0a985de57b64601a_1754048667.jpg?x-oss-process=image/resize,m_lfit,h_800,w_800/format,webp/quality,q_90']","{'شماره فنی': 'CR39079601', 'مناسب برای خودرو': 'سمند', 'نوع خودرو': 'سواری', 'تعداد در بسته\u200cبندی': '1', 'ویژگی\u200cهای استپر موتور و پتانسیومتر': 'دارای واشر آب\u200cبندی دارای پیچ اتصال'}"
استپر موتور جهان پارت کد 140302 مناسب برای پراید,553200,استپر موتور که معمولا به آن نیز سوپاپ کنترل هوای دور آرام یا شیر موتوری هم گفته می‌شود، وظیفه کنترل دور آرام موتور را در خودروهایی که تجهیز به دریچه گاز مکانیکی می باشند را برعهده دارد و عملکرد این قطعه موجب می شود تا میزان هوای ورودی به موتور در دور آرام تنظیم گردد؛ منظور از دور آرام زمانی است که پدال گاز توسط راننده فشرده نمی شود. عدم فشرده شدن پدال گاز می تواند در زمان استارت زدن خودرو، در زمان گرم شدن خودرو، هنگامیکه خودرو در وضعیت پشت چراغ قرمز و یا در ترافیک شدید قرار گرفته و یا در فاصله زمانی بین تعویض دنده اتفاق بیافتد. اگر استپر موتور وظیفه خود را به درستی انجام ندهد، علاوه بر اینکه ممکن است خودرو در حالات فوق خاموش شود ممکن است موجب بروز حادثه نیز شود. این قطعه ممکن است به شکل دیگری نیز دچار مشکل شود که با برداشتن پا ازروی پدال گاز، خودرو با دور بالا کار کند و پیامد آن افزایش آلایندگی و همچنین افزایش مصرف سوخت است.,"https://dkstatics-public.digikala.com/digikala-products/0b8633d34df53d664476923c0d6478758faf2a81_1632660784.jpg?x-oss-process=image/resize,m_lfit,h_800,w_800/format,webp/quality,q_90","['https://dkstatics-public.digikala.com/digikala-products/0db05df857d9305420dab9c0a0d4205331363151_1633168908.jpg?x-oss-process=image/resize,m_lfit,h_800,w_800/format,webp/quality,q_90']","{'شماره فنی': '140302', 'مناسب برای خودرو': 'پیکان پراید', 'نوع خودرو': 'سواری', 'تعداد در بسته\u200cبندی': '1', 'ویژگی\u200cهای استپر موتور و پتانسیومتر': 'دارای پیچ اتصال'}"
استپر موتور دریچه گاز کروز پلاس مدل XU7 مناسب برای سمند,715000,,"https://dkstatics-public.digikala.com/digikala-products/a4500c4b2aac8c1aac82c6ebe763ded92719f457_1717644897.jpg?x-oss-process=image/resize,m_lfit,h_800,w_800/format,webp/quality,q_90","['https://dkstatics-public.digikala.com/digikala-products/cd91ea539fa5b4dae6e75e291a4752ab0f50982a_1717644944.jpg?x-oss-process=image/resize,m_lfit,h_800,w_800/format,webp/quality,q_90', 'https://dkstatics-public.digikala.com/digikala-products/a4500c4b2aac8c1aac82c6ebe763ded92719f457_1717644897.jpg?x-oss-process=image/resize,m_lfit,h_800,w_800/format,webp/quality,q_90']","{'مناسب برای خودرو': 'پژو 405 سمند پژو پارس', 'نوع خودرو': 'سواری', 'تعداد در بسته\u200cبندی': '1', 'ویژگی\u200cهای استپر موتور و پتانسیومتر': 'دارای پیچ اتصال دارای واشر آب\u200cبندی'}"
استپر موتور اچ آی سی کد 3854 مناسب برای پراید,370000,,"https://dkstatics-public.digikala.com/digikala-products/5978569bcfd57eff9ddc828d91fa41d81ec3a3b9_1662191463.jpg?x-oss-process=image/resize,m_lfit,h_800,w_800/format,webp/quality,q_90","['https://dkstatics-public.digikala.com/digikala-products/ec834e21fd629549abd5b391b0d6745178a6d53c_1662191459.jpg?x-oss-process=image/resize,m_lfit,h_800,w_800/format,webp/quality,q_90', 'https://dkstatics-public.digikala.com/digikala-products/b96cd8bb2a26f8573eea6e6d541413907b068ca6_1662191461.jpg?x-oss-process=image/resize,m_lfit,h_800,w_800/format,webp/quality,q_90']","{'مناسب برای خودرو': 'پراید', 'نوع خودرو': 'سواری', 'تعداد در بسته\u200cبندی': '1', 'ویژگی\u200cهای استپر موتور و پتانسیومتر': 'دارای پیچ اتصال', 'کشور سازنده': 'ایران'}"
استپر موتور فرانتک کد 412142 مناسب برای پراید,600000,,"https://dkstatics-public.digikala.com/digikala-products/1cf45d30001591741ddab161fb592de5afe9dae8_1620120390.jpg?x-oss-process=image/resize,m_lfit,h_800,w_800/format,webp/quality,q_90","['https://dkstatics-public.digikala.com/digikala-products/1775dc712440589cf6167a3e8eb274928c04cfed_1620120396.jpg?x-oss-process=image/resize,m_lfit,h_800,w_800/format,webp/quality,q_90', 'https://dkstatics-public.digikala.com/digikala-products/1cf45d30001591741ddab161fb592de5afe9dae8_1620120390.jpg?x-oss-process=image/resize,m_lfit,h_800,w_800/format,webp/quality,q_90']","{'مناسب برای خودرو': 'پراید', 'تعداد در بسته\u200cبندی': '1'}"
استپر موتور زیمنس مدل FTP34 مناسب برای پژو405,414000,,"https://dkstatics-public.digikala.com/digikala-products/2ea6a8c2456b952cef8affd829797f6118c12f80_1729528816.jpg?x-oss-process=image/resize,m_lfit,h_800,w_800/format,webp/quality,q_90","['https://dkstatics-public.digikala.com/digikala-products/f4b2e374fea7b625e01ae7f5734a6d198b99bac5_1729528838.jpg?x-oss-process=image/resize,m_lfit,h_800,w_800/format,webp/quality,q_90', 'https://dkstatics-public.digikala.com/digikala-products/2ea6a8c2456b952cef8affd829797f6118c12f80_1729528816.jpg?x-oss-process=image/resize,m_lfit,h_800,w_800/format,webp/quality,q_90']","{'مناسب برای خودرو': 'پژو 405', 'نوع خودرو': 'سواری', 'تعداد در بسته\u200cبندی': '1', 'ویژگی\u200cهای استپر موتور و پتانسیومتر': 'دارای واشر آب\u200cبندی'}"
استپر موتور ایرکا مدل XU7P - XUM مناسب برای پژو پارس,1567020,,"https://dkstatics-public.digikala.com/digikala-products/7c23fd98a430b230c4f2b29a216aa4375b9628ef_1735766492.jpg?x-oss-process=image/resize,m_lfit,h_800,w_800/format,webp/quality,q_90","['https://dkstatics-public.digikala.com/digikala-products/9b11873adedbe334e4999c9561e4db73c811af49_1735765559.jpg?x-oss-process=image/resize,m_lfit,h_800,w_800/format,webp/quality,q_90', 'https://dkstatics-public.digikala.com/digikala-products/4cb822b11901b9b7e155a5a080beeaf60471b474_1735765559.jpg?x-oss-process=image/resize,m_lfit,h_800,w_800/format,webp/quality,q_90', 'https://dkstatics-public.digikala.com/digikala-products/24da15f79f073f6a2912dab7a215209c23586177_1735765560.jpg?x-oss-process=image/resize,m_lfit,h_800,w_800/format,webp/quality,q_90', 'https://dkstatics-public.digikala.com/digikala-products/1a1bf86b6deb12ac4123fba7706ead659c177e6d_1735765560.jpg?x-oss-process=image/resize,m_lfit,h_800,w_800/format,webp/quality,q_90', 'https://dkstatics-public.digikala.com/digikala-products/6cc23533d12757ac3fe5184044c290368ffec222_1735765561.jpg?x-oss-process=image/resize,m_lfit,h_800,w_800/format,webp/quality,q_90', 'https://dkstatics-public.digikala.com/digikala-products/c09f7431c1d3b531cbe5d4c598c97ce19f398052_1735765561.jpg?x-oss-process=image/resize,m_lfit,h_800,w_800/format,webp/quality,q_90']","{'مناسب برای خودرو': 'پژو پارس وانت آریسان 2 سمند سورن پلاس', 'نوع خودرو': 'سواری', 'تعداد در بسته\u200cبندی': '۱ عدد', 'ویژگی\u200cهای استپر موتور و پتانسیومتر': 'دارای واشر آب\u200cبندی', 'کشور سازنده': 'ایران'}"
استپر موتور ایرکا مدل 00471 مناسب برای رنو ال ۹۰,1567020,,"https://dkstatics-public.digikala.com/digikala-products/8e3f2d32fdbd90ce7c6c0991e3dddec0acaf81a7_1729844149.jpg?x-oss-process=image/resize,m_lfit,h_800,w_800/format,webp/quality,q_90","['https://dkstatics-public.digikala.com/digikala-products/0e7ced8ad804194d75f52c7423050b0a0c00962a_1729844150.jpg?x-oss-process=image/resize,m_lfit,h_800,w_800/format,webp/quality,q_90', 'https://dkstatics-public.digikala.com/digikala-products/9acff27125ff4497cc881c04e25e8479edfbbfea_1729844151.jpg?x-oss-process=image/resize,m_lfit,h_800,w_800/format,webp/quality,q_90', 'https://dkstatics-public.digikala.com/digikala-products/b383eb9992133e4d6e4354c443fbd8b04655ce84_1729844152.jpg?x-oss-process=image/resize,m_lfit,h_800,w_800/format,webp/quality,q_90', 'https://dkstatics-public.digikala.com/digikala-products/cd6b2b9ba9e505fa9f73bb0a21aad29e8bde73f3_1729844152.jpg?x-oss-process=image/resize,m_lfit,h_800,w_800/format,webp/quality,q_90', 'https://dkstatics-public.digikala.com/digikala-products/292f66a8f9e3876a4c0d2a1a6018a81396faa752_1729844152.jpg?x-oss-process=image/resize,m_lfit,h_800,w_800/format,webp/quality,q_90', 'https://dkstatics-public.digikala.com/digikala-products/44a442313f54e9b2bd7c1e894bcac1ad6798fb9a_1729844152.jpg?x-oss-process=image/resize,m_lfit,h_800,w_800/format,webp/quality,q_90', 'https://dkstatics-public.digikala.com/digikala-products/069c3231c84dae5db1d79b55c13539eea01204a2_1729844152.jpg?x-oss-process=image/resize,m_lfit,h_800,w_800/format,webp/quality,q_90', 'https://dkstatics-public.digikala.com/digikala-products/f019507eed86dc75f50eb4e687eec612e4a6bb9d_1729844152.jpg?x-oss-process=image/resize,m_lfit,h_800,w_800/format,webp/quality,q_90']","{'مناسب برای خودرو': 'رنو L90 رنو تندر پلاس رنو تندر پیکاپ رنو ساندرو رنو ساندرو استپ وی رنو مگان', 'نوع خودرو': 'سواری', 'تعداد در بسته\u200cبندی': '۱ عدد', 'ویژگی\u200cهای استپر موتور و پتانسیومتر': 'دارای واشر آب\u200cبندی', 'کشور سازنده': 'ایران'}"
استپر موتور الدورا کد 87062200 مناسب برای سمند EF7,494700,استپر موتور قطعه ای است که بر روی دریچه گاز (انژکتور) موتور انژکتوری قرار دارد که وظیفه اصلی این قطعه، روشن نگه داشتن خودرو در حالت دور آرام است. این قطعه وظیفه بسیار مهمتری نیز دارد. هنگامی که کولر را روشن میکنیم، کمپرسور کولر بار خود را روی موتور وارد میکند. برای جبران آن، استپر موتور ژیگلور مربوطه راکمی به عقب تر می کشد، تا خود به خود گاز کمی زیاد شود. استپر موتور کار ساسات را نیز انجام میدهد. در هنگامی که خودرو سرد است سوزن آن طوری تنظیم میشود که خودرو با اولین استارت روشن شود. کار دیگر استپر موتور، تنظیم هوای مورد مصرف سیلندرها در زمان رهاکردن گاز است. استپر موتورهای الدورا از سیم پیچی دقیقی طبق استاندارد کارخانه سازنده دارد و ارتباط سوکت و بوبین از ورق های فلزی است که این قطعه را در مقابل دود و چربی مقاوم تر ساخته است. استپر موتور الدورا مناسب برای سمند EF7 می تواند تجربه خرید خوبی را برای مشتریان بسازد.,"https://dkstatics-public.digikala.com/digikala-products/850d4411279aa2baebafa0cca0ba7afa8e68adfe_1623749476.jpg?x-oss-process=image/resize,m_lfit,h_800,w_800/format,webp/quality,q_90","['https://dkstatics-public.digikala.com/digikala-products/d44ed53bbf236f790845bf717d1ee15ed6641c7a_1623749477.jpg?x-oss-process=image/resize,m_lfit,h_800,w_800/format,webp/quality,q_90', 'https://dkstatics-public.digikala.com/digikala-products/19fce784773b14f8c9b5973847de3781ac7d4e68_1623749477.jpg?x-oss-process=image/resize,m_lfit,h_800,w_800/format,webp/quality,q_90', 'https://dkstatics-public.digikala.com/digikala-products/7e5ae93d41966b97957c9752945bd6e1c29bddac_1623749478.jpg?x-oss-process=image/resize,m_lfit,h_800,w_800/format,webp/quality,q_90', 'https://dkstatics-public.digikala.com/digikala-products/96c97082bf40114cbe6aa40e9f32f01ae98977e6_1623749479.jpg?x-oss-process=image/resize,m_lfit,h_800,w_800/format,webp/quality,q_90']","{'مناسب برای خودرو': 'نیسان زامیاد سمند', 'تعداد در بسته\u200cبندی': '1', 'ویژگی\u200cهای استپر موتور و پتانسیومتر': 'دارای پیچ اتصال', 'سایر توضیحات': 'مناسب برای سمند EF7 و نیسان وانت Z24 می باشد'}"
